firstname,lastname,emailadress
Hollie,Voss,mark@example.com
Emerson,Milton,hollie@example.com
Healy,Colette,boticario@example.com
Brigitte,Cobb,emerson@example.com
Elba,Lockhart,healy@example.com
Claudio,Engle,brigitte@example.com
Dena,Pacheco,elba@example.com
Christina,Blake,claudio@example.com
Gail,Horton,dena@example.com
Orville,Daniel,brasilsp@example.com
Rae,Childers,parker@example.com
Mildred,Starnes,derbvktqsr@example.com
Candice,Carson,qetlyxxogg@example.com
Louise,Kelchner,antenas_sul@example.com
Emilio,Hutchinson,cblake@example.com
Geneva,Underwood,gailh@example.com
Heriberto,Rush,orville@example.com
Bulrush,Bouchard,post_master@example.com
Abigail,Louis,rchilders@example.com
Chad,Andrews,buster@example.com
Terry,English,user31065@example.com
Bell,Snedden,ftsgeolbx@example.com